{
  "project_info": {
    "project_number": "742722735461",
    "firebase_url": "https://e-commerce-1617867479294-default-rtdb.firebaseio.com",
    "project_id": "e-commerce-1617867479294",
    "storage_bucket": "e-commerce-1617867479294.appspot.com"
  },
  "client": [
    {
      "client_info": {
        "mobilesdk_app_id": "1:742722735461:android:a51342f14f4a99093e258c",
        "android_client_info": {
          "package_name": "com.umeokeke.umecart"
        }
      },
      "oauth_client": [
        {
          "client_id": "742722735461-nlhpjc4vvr82t34ruof5oq4jveptrud9.apps.googleusercontent.com",
          "client_type": 1,
          "android_info": {
            "package_name": "com.umeokeke.umecart",
            "certificate_hash": "9913550b9ebfa19931b012b73b690de52f1401dc"
          }
        },
        {
          "client_id": "742722735461-cvs32pv6nkkga6fma597ondli17idllv.apps.googleusercontent.com",
          "client_type": 3
        }
      ],
      "api_key": [
        {
          "current_key": "AIzaSyAUDvzR5D4yniFL9pX-CnUuak7L3hiD4hA"
        }
      ],
      "services": {
        "appinvite_service": {
          "other_platform_oauth_client": [
            {
              "client_id": "742722735461-1s7ntkjl8b5v42ltpa9n64ltpeim8ac5.apps.googleusercontent.com",
              "client_type": 3
            }
          ]
        }
      }
    }
  ],
  "configuration_version": "1"
}